{
  "Total" : {
    "transaction" : "Total",
    "sampleCount" : 50,
    "errorCount" : 0,
    "errorPct" : 0.0,
    "meanResTime" : 45.399999999999984,
    "medianResTime" : 11.0,
    "minResTime" : 3.0,
    "maxResTime" : 565.0,
    "pct1ResTime" : 88.09999999999994,
    "pct2ResTime" : 388.44999999999914,
    "pct3ResTime" : 565.0,
    "throughput" : 29.60331557134399,
    "receivedKBytesPerSec" : 7.198462477797513,
    "sentKBytesPerSec" : 4.336423179396093
  },
  "GET all users" : {
    "transaction" : "GET all users",
    "sampleCount" : 50,
    "errorCount" : 0,
    "errorPct" : 0.0,
    "meanResTime" : 45.399999999999984,
    "medianResTime" : 11.0,
    "minResTime" : 3.0,
    "maxResTime" : 565.0,
    "pct1ResTime" : 88.09999999999994,
    "pct2ResTime" : 388.44999999999914,
    "pct3ResTime" : 565.0,
    "throughput" : 29.60331557134399,
    "receivedKBytesPerSec" : 7.198462477797513,
    "sentKBytesPerSec" : 4.336423179396093
  }
}